"pitches","player_id","player_name","total_pitches","pitch_percent","ba","iso","babip","slg","woba","xwoba","xba","hits","abs","launch_speed","launch_angle","spin_rate","velocity","effective_speed","whiffs","swings","takes","eff_min_vel","release_extension","pos3_int_start_distance","pos4_int_start_distance","pos5_int_start_distance","pos6_int_start_distance","pos7_int_start_distance","pos8_int_start_distance","pos9_int_start_distance"
"848",592450,"Aaron Judge","7435","11.4","0.452","0.472","0.365","0.924","0.564","0.583","0.449","378","837","95.5","14.3","2250","89.5","88.97","0","848","0","-0.5","5.98","108","153","121","147","307","329","296"
"1507",443558,"Nelson Cruz","9603","15.7","0.395","0.383","0.320","0.778","0.483","0.499","0.386","588","1487","93.9","13.3","2241","89.2","88.61","0","1507","0","-0.6","6.00","107","151","119","146","303","324","296"
"651",608336,"Joey Gallo","6043","10.8","0.378","0.548","0.268","0.926","0.535","0.567","0.397","246","650","93.5","22.4","2207","88.1","87.65","0","651","0","-0.5","5.99","116","165","135","154","303","330","305"
"468",660271,"Shohei Ohtani","3138","14.9","0.422","0.371","0.364","0.793","0.504","0.488","0.403","196","464","93.2","10.5","2208","88.9","88.37","0","468","0","-0.5","5.91","115","149","122","150","297","324","307"
"1105",519317,"Giancarlo Stanton","7885","14.0","0.401","0.420","0.320","0.821","0.502","0.481","0.381","437","1090","93.1","12.3","2215","88.9","88.42","0","1105","0","-0.5","6.03","108","152","120","146","307","327","301"
"491",614177,"Franmil Reyes","3279","15.0","0.398","0.377","0.321","0.775","0.484","0.472","0.380","193","485","93.0","9.0","2239","88.7","88.23","0","491","0","-0.5","5.97","110","152","120","147","306","326","299"
"829",593934,"Miguel Sano","7248","11.4","0.423","0.442","0.345","0.865","0.531","0.500","0.381","348","822","93.0","15.8","2229","89.0","88.60","0","829","0","-0.4","6.03","106","151","118","145","303","325","296"
"443",120074,"David Ortiz","2479","17.9","0.367","0.358","0.303","0.725","0.449","0.459","0.361","160","436","92.9","17.0","2191","89.9","89.20","0","443","0","-0.7","6.00","114","168","139","149","292","325","309"
"870",621566,"Matt Olson","6152","14.1","0.359","0.373","0.286","0.731","0.452","0.461","0.364","311","867","92.5","18.6","2179","88.4","87.98","0","870","0","-0.4","5.95","115","165","127","151","297","325","303"
"994",656305,"Matt Chapman","6693","14.9","0.360","0.342","0.307","0.702","0.440","0.415","0.344","356","988","92.4","17.2","2246","88.3","87.82","0","994","0","-0.5","5.93","107","151","117","145","302","323","295"
"1014",475582,"Ryan Zimmerman","6094","16.6","0.354","0.275","0.305","0.629","0.407","0.428","0.357","354","1000","92.3","9.7","2198","89.2","88.82","0","1014","0","-0.4","6.08","108","151","116","146","304","321","298"
"1614",592885,"Christian Yelich","10415","15.5","0.418","0.318","0.369","0.735","0.480","0.477","0.410","668","1599","92.2","6.5","2166","89.4","89.05","0","1614","0","-0.3","6.08","114","148","114","149","295","318","302"
"1422",502110,"J.D. Martinez","8915","16.0","0.443","0.410","0.373","0.852","0.532","0.529","0.418","620","1401","92.2","13.6","2227","88.8","88.33","0","1422","0","-0.5","6.01","108","151","118","146","299","327","301"
"1261",434778,"Kendrys Morales","7541","16.7","0.325","0.245","0.276","0.570","0.373","0.440","0.359","406","1249","92.1","10.8","2142","88.1","87.55","0","1261","0","-0.6","5.99","113","162","130","149","297","325","302"
"1269",408234,"Miguel Cabrera","7190","17.6","0.373","0.228","0.333","0.600","0.407","0.456","0.383","468","1256","92.1","12.1","2194","89.0","88.64","0","1269","0","-0.4","6.05","108","151","119","147","304","326","296"
"1417",501981,"Khris Davis","9502","14.9","0.361","0.388","0.280","0.749","0.455","0.489","0.372","504","1396","92.0","15.5","2210","88.1","87.64","0","1417","0","-0.5","6.00","106","151","118","145","304","325","297"
"433",650490,"Yandy Diaz","2499","17.3","0.364","0.201","0.337","0.565","0.388","0.400","0.367","156","428","92.0","5.1","2214","87.8","87.30","0","433","0","-0.5","5.97","108","151","117","147","302","322","290"
"1216",518626,"Josh Donaldson","8676","14.0","0.371","0.366","0.304","0.737","0.458","0.456","0.365","448","1208","91.9","14.6","2207","89.1","88.70","0","1216","0","-0.4","6.03","107","152","118","145","306","327","298"
"980",646240,"Rafael Devers","5356","18.3","0.370","0.289","0.326","0.659","0.429","0.404","0.347","361","976","91.6","10.9","2182","87.9","87.51","0","980","0","-0.4","5.97","115","151","118","150","285","324","307"
"1040",444432,"Mark Trumbo","6474","16.1","0.351","0.313","0.291","0.664","0.424","0.431","0.357","364","1038","91.6","14.1","2207","89.0","88.57","0","1040","0","-0.4","5.98","108","152","118","146","303","325","294"
"819",660162,"Yoan Moncada","5956","13.8","0.411","0.296","0.372","0.707","0.467","0.444","0.381","335","815","91.5","14.0","2163","88.6","88.42","0","819","0","-0.2","6.06","113","149","112","147","292","320","297"
"447",474892,"Chris Carter","3634","12.3","0.366","0.421","0.276","0.786","0.465","0.495","0.371","159","435","91.5","20.1","2169","88.9","88.55","0","447","0","-0.4","6.07","108","151","116","145","302","321","297"
"578",407812,"Matt Holliday","3569","16.2","0.334","0.287","0.279","0.621","0.395","0.404","0.334","191","572","91.4","11.2","2211","89.3","88.63","0","578","0","-0.7","6.02","109","151","117","147","307","325","296"
"1163",502054,"Tommy Pham","7736","15.0","0.397","0.275","0.354","0.672","0.447","0.448","0.389","459","1157","91.4","7.0","2216","89.5","89.05","0","1163","0","-0.4","6.03","108","151","113","146","304","322","294"
"755",624585,"Jorge Soler","5296","14.3","0.378","0.374","0.308","0.752","0.465","0.467","0.370","282","746","91.4","16.2","2232","88.6","88.30","0","755","0","-0.3","5.99","106","151","118","145","302","325","301"
"1075",592626,"Joc Pederson","7252","14.8","0.328","0.356","0.260","0.684","0.417","0.397","0.329","350","1067","91.3","14.9","2184","89.7","89.36","0","1075","0","-0.3","6.01","117","155","121","151","299","321","305"
"895",656941,"Kyle Schwarber","6816","13.1","0.352","0.396","0.272","0.747","0.451","0.474","0.373","312","887","91.3","15.5","2199","89.9","89.52","0","895","0","-0.4","6.02","118","161","124","151","297","322","304"
"664",606192,"Teoscar Hernandez","4930","13.5","0.377","0.388","0.311","0.764","0.470","0.449","0.348","248","658","91.2","17.5","2228","89.0","88.58","0","664","0","-0.4","6.01","106","151","114","145","298","323","292"
"939",596142,"Gary Sanchez","6382","14.7","0.360","0.403","0.277","0.763","0.461","0.475","0.367","335","931","91.2","15.6","2251","88.5","87.92","0","939","0","-0.6","5.97","108","153","119","146","302","326","295"
"1942",592518,"Manny Machado","10061","19.3","0.347","0.281","0.295","0.628","0.405","0.417","0.350","667","1920","91.2","14.6","2221","89.0","88.58","0","1942","0","-0.4","6.00","108","151","117","145","304","325","295"
"1645",542303,"Marcell Ozuna","9367","17.6","0.368","0.261","0.323","0.629","0.417","0.431","0.368","602","1634","91.2","12.3","2209","89.0","88.67","0","1645","0","-0.3","6.07","108","151","117","146","306","323","298"
"664",493316,"Yoenis Cespedes","4102","16.2","0.379","0.324","0.319","0.703","0.447","0.429","0.355","248","654","91.2","18.6","2193","89.8","89.28","0","664","0","-0.5","6.08","106","152","117","145","301","321","300"
"470",488671,"Alex Avila","4410","10.7","0.395","0.313","0.339","0.708","0.459","0.511","0.403","184","466","91.0","10.6","2189","90.8","90.39","0","470","0","-0.4","6.08","114","162","128","150","292","320","304"
"514",452252,"Adam Lind","2785","18.5","0.338","0.259","0.285","0.597","0.387","0.413","0.342","171","506","91.0","11.5","2132","87.8","87.19","0","514","0","-0.6","6.04","113","158","128","150","292","318","301"
"1628",502671,"Paul Goldschmidt","11567","14.1","0.403","0.325","0.349","0.728","0.470","0.461","0.377","650","1613","91.0","14.2","2232","89.4","89.06","0","1628","0","-0.3","6.01","108","151","117","146","308","326","301"
"1810",547989,"Jose Abreu","10098","17.9","0.371","0.272","0.324","0.643","0.419","0.429","0.366","661","1782","91.0","11.9","2237","88.9","88.57","0","1810","0","-0.3","6.05","107","150","117","145","303","324","294"
"1874",518934,"DJ LeMahieu","9907","18.9","0.381","0.179","0.357","0.560","0.395","0.391","0.368","706","1853","91.0","5.8","2224","88.7","88.51","0","1874","0","-0.2","6.00","110","150","113","148","310","323","291"
"444",572228,"Luke Voit","3161","14.0","0.409","0.341","0.352","0.749","0.484","0.480","0.374","181","443","90.9","14.0","2267","89.1","88.69","0","444","0","-0.4","5.98","108","153","120","147","306","326","295"
"489",630111,"Yasmany Tomas","2659","18.4","0.370","0.329","0.313","0.698","0.445","0.440","0.362","180","487","90.9","10.2","2221","88.5","88.15","0","489","0","-0.4","5.95","109","150","115","147","304","322","297"
"519",596847,"Ji-Man Choi","3545","14.6","0.343","0.297","0.286","0.640","0.402","0.409","0.336","174","508","90.9","12.8","2196","88.5","87.97","0","519","0","-0.5","6.00","115","158","120","151","290","323","302"
"1327",460075,"Ryan Braun","7111","18.7","0.368","0.289","0.321","0.658","0.426","0.416","0.359","484","1314","90.8","7.0","2186","89.4","89.09","0","1327","0","-0.3","6.07","108","150","115","146","305","321","295"
"412",605204,"J.D. Davis","2465","16.7","0.374","0.264","0.329","0.638","0.422","0.452","0.387","153","409","90.8","9.6","2217","88.3","87.90","0","412","0","-0.4","6.02","108","151","117","146","304","324","294"
"1576",429664,"Robinson Cano","7596","20.7","0.341","0.230","0.303","0.572","0.382","0.391","0.344","534","1564","90.8","9.8","2181","88.6","88.04","0","1576","0","-0.6","6.00","114","150","122","150","293","321","302"
"524",595751,"Jorge Alfaro","3513","14.9","0.443","0.255","0.406","0.697","0.481","0.453","0.388","231","522","90.8","7.2","2224","88.3","87.85","0","524","0","-0.5","6.01","109","151","117","147","304","320","291"
"701",665742,"Juan Soto","4819","14.5","0.384","0.335","0.328","0.719","0.458","0.449","0.368","267","695","90.8","9.8","2175","89.2","89.01","0","701","0","-0.2","6.07","114","149","114","150","298","322","305"
"738",452095,"Tyler Flowers","5203","14.2","0.380","0.241","0.340","0.621","0.417","0.412","0.352","277","729","90.7","12.3","2186","88.9","88.49","0","738","0","-0.4","5.98","108","151","116","147","304","320","292"
"1352",545361,"Mike Trout","10193","13.3","0.423","0.421","0.350","0.844","0.521","0.510","0.403","565","1335","90.7","18.7","2218","89.2","88.64","0","1352","0","-0.6","5.98","106","151","117","145","309","326","300"
"837",543543,"Brad Miller","5607","14.9","0.339","0.303","0.287","0.642","0.406","0.407","0.341","281","829","90.7","13.0","2172","88.4","87.90","0","837","0","-0.5","6.02","113","150","112","149","291","321","300"
"705",660670,"Ronald Acuna Jr.","5033","14.0","0.411","0.358","0.347","0.769","0.491","0.492","0.393","288","701","90.7","14.5","2237","89.4","89.11","0","705","0","-0.3","6.02","109","152","114","146","311","327","296"
"1319",596115,"Trevor Story","9297","14.2","0.423","0.407","0.360","0.830","0.518","0.458","0.377","554","1310","90.6","18.1","2244","88.8","88.58","0","1319","0","-0.2","5.95","108","151","115","146","311","331","303"
"1203",519048,"Mitch Moreland","7339","16.4","0.335","0.285","0.285","0.620","0.395","0.435","0.350","399","1191","90.6","13.3","2164","88.7","88.34","0","1203","0","-0.4","6.03","114","163","130","150","289","322","305"
"404",666971,"Lourdes Gurriel Jr.","2269","17.8","0.388","0.308","0.332","0.697","0.450","0.427","0.361","155","399","90.6","13.4","2244","88.5","87.98","0","404","0","-0.5","5.96","107","151","116","146","297","323","291"
"649",640461,"Chad Pinder","3910","16.6","0.356","0.274","0.309","0.630","0.410","0.447","0.366","229","643","90.6","12.1","2223","87.4","86.93","0","649","0","-0.5","5.97","107","151","115","146","301","321","290"
"894",501896,"David Freese","6157","14.5","0.402","0.222","0.369","0.625","0.432","0.424","0.371","357","887","90.5","5.0","2182","89.2","88.83","0","894","0","-0.4","6.06","109","150","115","146","304","318","291"
"1722",543685,"Anthony Rendon","10227","16.8","0.373","0.284","0.328","0.657","0.425","0.413","0.353","632","1693","90.5","18.9","2191","89.8","89.47","0","1722","0","-0.3","6.08","108","150","114","146","302","319","294"
"1196",408045,"Joe Mauer","7324","16.3","0.351","0.141","0.335","0.492","0.357","0.398","0.365","417","1188","90.5","5.0","2198","89.3","88.84","0","1196","0","-0.5","6.06","115","151","117","149","287","316","302"
"545",150029,"Jayson Werth","4087","13.3","0.330","0.247","0.286","0.577","0.377","0.392","0.332","178","539","90.5","15.3","2178","89.6","89.25","0","545","0","-0.3","6.09","108","150","114","146","300","316","294"
"434",641857,"Ryan McMahon","3137","13.8","0.366","0.278","0.319","0.644","0.421","0.404","0.353","158","432","90.4","8.3","2215","88.5","88.35","0","434","0","-0.2","5.94","116","151","117","150","300","329","311"
"866",500874,"Jose Martinez","5240","16.5","0.392","0.212","0.360","0.604","0.419","0.453","0.391","337","859","90.4","9.1","2219","89.0","88.67","0","866","0","-0.3","6.05","110","150","117","147","308","324","297"
"1797",543333,"Eric Hosmer","10265","17.5","0.365","0.211","0.331","0.575","0.395","0.389","0.349","651","1785","90.3","2.7","2215","88.9","88.49","0","1797","0","-0.4","6.01","114","151","118","150","297","324","307"
"1973",605141,"Mookie Betts","11004","17.9","0.368","0.283","0.324","0.651","0.422","0.407","0.348","717","1947","90.3","16.9","2223","89.3","88.84","0","1973","0","-0.5","6.01","108","151","114","145","291","321","297"
"444",519237,"Cameron Rupp","2953","15.0","0.362","0.305","0.314","0.667","0.428","0.412","0.337","160","442","90.3","9.1","2181","89.1","88.60","0","444","0","-0.5","6.12","110","153","116","147","297","317","289"
"1246",541645,"Avisail Garcia","7025","17.7","0.390","0.247","0.351","0.637","0.430","0.438","0.376","482","1235","90.3","9.1","2244","88.5","88.03","0","1246","0","-0.5","6.04","108","151","116","145","302","323","291"
"1439",547180,"Bryce Harper","10178","14.1","0.372","0.343","0.308","0.715","0.446","0.454","0.375","526","1413","90.3","14.5","2154","88.9","88.55","0","1439","0","-0.3","6.05","115","153","123","150","299","324","305"
"621",641531,"Hunter Dozier","3863","16.1","0.371","0.294","0.329","0.665","0.429","0.412","0.354","228","615","90.2","15.7","2222","88.8","88.47","0","621","0","-0.3","5.98","107","151","118","146","304","324","298"
"671",455104,"Chris Iannetta","4931","13.6","0.336","0.268","0.289","0.604","0.390","0.395","0.335","223","664","90.2","14.9","2214","89.1","88.67","0","671","0","-0.4","5.99","108","151","115","146","303","322","295"
"1799",455976,"Nick Markakis","10013","18.0","0.343","0.160","0.321","0.502","0.354","0.361","0.339","607","1772","90.2","10.2","2190","89.1","88.67","0","1799","0","-0.4","6.00","114","148","115","149","292","317","301"
"1241",545341,"Randal Grichuk","7748","16.0","0.349","0.357","0.288","0.706","0.435","0.428","0.344","430","1233","90.2","17.8","2211","88.5","87.95","0","1241","0","-0.6","5.98","107","152","116","145","300","322","296"
"1321",608369,"Corey Seager","7093","18.6","0.380","0.255","0.343","0.635","0.424","0.430","0.371","498","1311","90.2","12.0","2163","89.2","88.72","0","1321","0","-0.5","5.99","115","151","118","150","296","319","304"
"909",430832,"Jose Bautista","6900","13.2","0.303","0.268","0.251","0.571","0.361","0.382","0.322","272","897","90.2","18.0","2214","89.3","88.73","0","909","0","-0.6","6.02","107","151","116","145","300","325","299"
"1392",598265,"Jackie Bradley Jr.","8920","15.6","0.344","0.265","0.303","0.609","0.396","0.408","0.348","475","1380","90.2","10.9","2179","88.9","88.44","0","1392","0","-0.5","6.03","113","148","114","149","284","319","303"
"1146",641355,"Cody Bellinger","7537","15.2","0.378","0.386","0.309","0.763","0.469","0.456","0.368","429","1136","90.2","17.4","2182","89.4","88.96","0","1146","0","-0.4","5.96","116","154","125","152","301","323","305"
"1194",457708,"Justin Upton","8957","13.3","0.392","0.353","0.329","0.746","0.470","0.465","0.376","463","1180","90.2","15.9","2210","89.3","88.91","0","1194","0","-0.4","6.06","107","151","117","146","303","324","297"
"817",605119,"Brian Anderson","4950","16.5","0.367","0.219","0.340","0.587","0.401","0.391","0.346","298","811","90.1","10.6","2225","89.4","88.91","0","817","0","-0.5","6.02","108","151","115","146","305","321","291"
"1238",475253,"Justin Smoak","8461","14.6","0.337","0.308","0.279","0.645","0.408","0.432","0.344","415","1232","90.1","17.3","2160","89.0","88.50","0","1238","0","-0.5","6.01","112","163","131","150","298","326","301"
"1195",621043,"Carlos Correa","7765","15.4","0.382","0.293","0.332","0.675","0.436","0.439","0.377","449","1174","90.1","10.7","2212","88.9","88.42","0","1195","0","-0.5","6.04","106","149","116","145","298","323","291"
"1815",467793,"Carlos Santana","11023","16.5","0.320","0.270","0.272","0.590","0.377","0.382","0.323","576","1798","90.1","14.4","2158","89.8","89.54","0","1815","0","-0.3","6.08","113","158","123","148","295","321","298"
"880",570267,"Domingo Santana","6715","13.1","0.425","0.317","0.373","0.742","0.484","0.480","0.408","370","871","90.1","11.5","2192","89.0","88.52","0","880","0","-0.5","6.00","109","150","115","146","301","317","292"
"517",452234,"Seth Smith","3437","15.0","0.338","0.232","0.295","0.570","0.379","0.424","0.362","173","512","90.1","9.8","2145","89.4","88.62","0","517","0","-0.8","5.97","114","158","124","149","288","316","297"
"1501",429665,"Edwin Encarnacion","10214","14.7","0.346","0.350","0.272","0.697","0.429","0.440","0.345","513","1481","90.1","18.3","2241","89.6","89.29","0","1501","0","-0.3","6.07","107","152","119","144","300","324","298"
"1026",452254,"Hunter Pence","6151","16.7","0.369","0.220","0.334","0.589","0.401","0.396","0.348","375","1015","90.1","6.9","2205","88.5","88.12","0","1026","0","-0.4","6.04","108","150","116","146","301","321","294"
"923",434670,"Hanley Ramirez","5477","16.9","0.359","0.265","0.311","0.624","0.411","0.408","0.346","329","917","90.1","11.7","2223","89.6","89.03","0","923","0","-0.6","6.03","108","151","117","146","294","322","298"
"1292",605137,"Josh Bell","7976","16.2","0.344","0.277","0.297","0.621","0.397","0.396","0.344","438","1273","90.0","10.8","2153","89.3","88.97","0","1292","0","-0.3","6.03","115","153","118","149","299","320","299"
"694",446263,"Lucas Duda","4731","14.7","0.323","0.312","0.262","0.635","0.394","0.427","0.347","221","685","90.0","19.1","2167","89.3","88.99","0","694","0","-0.3","6.07","115","167","137","152","296","322","305"
"673",572287,"Mike Zunino","5513","12.2","0.357","0.374","0.287","0.731","0.450","0.447","0.347","239","669","90.0","21.2","2206","88.5","87.93","0","673","0","-0.6","5.96","107","151","118","145","297","321","294"
"518",640457,"Austin Meadows","3269","15.8","0.393","0.335","0.342","0.729","0.466","0.439","0.369","203","516","90.0","17.0","2160","88.3","87.80","0","518","0","-0.5","5.96","116","151","121","152","291","323","302"
"988",435062,"Howie Kendrick","5333","18.5","0.378","0.202","0.350","0.579","0.401","0.411","0.365","369","977","90.0","5.3","2192","89.5","89.08","0","988","0","-0.4","6.06","108","150","114","147","303","316","290"
"545",571980,"Tyler Naquin","3436","15.9","0.403","0.239","0.368","0.642","0.437","0.416","0.375","217","539","90.0","10.5","2169","88.2","87.87","0","545","0","-0.3","6.00","114","148","108","148","286","315","299"
"1658",518692,"Freddie Freeman","10121","16.4","0.399","0.326","0.349","0.726","0.467","0.471","0.379","656","1643","90.0","16.1","2178","89.6","89.20","0","1658","0","-0.4","6.03","115","162","131","150","300","324","305"
"874",571506,"Justin Bour","5827","15.0","0.349","0.293","0.290","0.642","0.410","0.414","0.344","301","863","89.9","10.6","2147","89.0","88.39","0","874","0","-0.6","6.00","114","161","127","151","301","323","302"
"1488",457759,"Justin Turner","8380","17.8","0.359","0.254","0.316","0.614","0.404","0.402","0.343","527","1466","89.9","18.3","2208","89.3","88.88","0","1488","0","-0.4","6.00","108","151","116","146","304","320","296"
"1354",435622,"Ian Desmond","8097","16.7","0.367","0.237","0.330","0.604","0.406","0.379","0.339","492","1341","89.9","4.4","2204","88.3","88.17","0","1354","0","-0.1","6.01","108","150","112","147","309","327","297"
"2040",596019,"Francisco Lindor","10625","19.2","0.345","0.257","0.302","0.602","0.393","0.385","0.339","695","2013","89.9","13.0","2138","89.0","88.75","0","2040","0","-0.3","6.05","112","148","108","147","290","316","295"
"1416",457705,"Andrew McCutchen","9415","15.0","0.357","0.253","0.315","0.610","0.403","0.411","0.356","501","1403","89.9","15.3","2207","89.8","89.42","0","1416","0","-0.4","6.07","108","151","114","145","302","319","293"
"476",641598,"Mitch Garver","3094","15.4","0.362","0.338","0.304","0.700","0.440","0.406","0.335","171","473","89.9","14.1","2224","89.6","89.37","0","476","0","-0.2","6.08","108","150","117","145","298","320","289"
"1236",641820,"Trey Mancini","7573","16.3","0.379","0.287","0.330","0.666","0.433","0.429","0.363","463","1223","89.9","7.7","2229","88.5","87.98","0","1236","0","-0.5","5.94","108","151","118","146","303","323","290"
"1227",444482,"David Peralta","6642","18.5","0.369","0.243","0.335","0.612","0.411","0.373","0.337","450","1220","89.9","6.8","2207","89.0","88.58","0","1227","0","-0.4","5.97","115","150","114","150","295","322","305"
"1234",467092,"Wilson Ramos","5787","21.3","0.365","0.205","0.329","0.570","0.393","0.371","0.326","446","1222","89.9","4.0","2214","89.0","88.66","0","1234","0","-0.3","6.05","109","151","118","147","303","321","293"
"1304",425783,"Shin-Soo Choo","8870","14.7","0.367","0.242","0.327","0.609","0.409","0.430","0.362","475","1296","89.9","8.2","2188","89.1","88.68","0","1304","0","-0.4","6.03","115","153","115","150","291","322","303"
"832",502143,"Danny Valencia","5086","16.4","0.377","0.215","0.338","0.592","0.403","0.404","0.360","308","817","89.8","10.8","2182","88.8","88.44","0","832","0","-0.4","6.08","108","151","116","145","300","320","292"
"1003",448801,"Chris Davis","8582","11.7","0.346","0.329","0.277","0.675","0.421","0.456","0.359","343","991","89.8","16.0","2173","88.7","88.22","0","1003","0","-0.5","5.96","116","167","135","150","298","326","301"
"680",519346,"Eric Thames","5341","12.7","0.383","0.426","0.310","0.809","0.492","0.438","0.348","260","679","89.8","17.1","2165","89.3","88.93","0","680","0","-0.4","6.03","118","156","129","151","298","321","302"
"1782",405395,"Albert Pujols","8894","20.0","0.295","0.199","0.254","0.494","0.329","0.362","0.312","520","1761","89.8","13.3","2220","89.2","88.67","0","1782","0","-0.5","5.98","106","152","119","146","305","324","297"
"1119",521692,"Salvador Perez","5538","20.2","0.327","0.273","0.275","0.599","0.385","0.397","0.332","362","1108","89.8","19.2","2212","88.9","88.58","0","1119","0","-0.3","6.06","107","151","117","146","301","322","298"
"560",467055,"Pablo Sandoval","3327","16.8","0.325","0.257","0.280","0.582","0.376","0.373","0.320","180","553","89.7","11.4","2162","88.4","87.93","0","560","0","-0.5","5.92","113","152","118","149","294","323","303"
"1314",624577,"Yasiel Puig","7384","17.8","0.355","0.268","0.307","0.622","0.406","0.403","0.349","461","1300","89.7","13.6","2220","89.2","88.79","0","1314","0","-0.4","5.98","108","150","116","145","302","320","297"
"401",547957,"Hyun Soo Kim","2378","16.9","0.349","0.123","0.335","0.472","0.349","0.365","0.334","139","398","89.7","7.9","2206","88.5","88.10","0","401","0","-0.4","5.98","113","149","115","148","285","316","297"
"897",656555,"Rhys Hoskins","7128","12.6","0.342","0.368","0.273","0.709","0.430","0.404","0.321","302","884","89.7","23.5","2228","90.0","89.77","0","897","0","-0.2","6.13","108","152","117","145","300","325","297"
"983",571875,"Jake Lamb","6884","14.3","0.347","0.326","0.291","0.673","0.418","0.421","0.348","336","969","89.7","11.8","2187","89.0","88.62","0","983","0","-0.4","5.99","114","153","126","149","297","323","306"
"1469",493329,"Yuli Gurriel","6364","23.1","0.345","0.213","0.312","0.558","0.376","0.336","0.318","500","1449","89.6","13.1","2220","88.9","88.43","0","1469","0","-0.5","6.00","107","150","117","146","296","323","292"
"556",571437,"Aaron Altherr","3945","14.1","0.335","0.268","0.293","0.603","0.390","0.407","0.352","185","552","89.5","11.1","2215","89.6","89.14","0","556","0","-0.5","6.08","107","151","114","147","298","319","291"
"499",570482,"Gio Urshela","2565","19.5","0.362","0.218","0.329","0.580","0.394","0.383","0.345","179","495","89.5","13.7","2243","88.2","87.70","0","499","0","-0.5","6.01","108","151","118","147","303","320","286"
"1594",594777,"Kole Calhoun","9567","16.7","0.324","0.240","0.282","0.564","0.369","0.398","0.342","511","1575","89.5","14.3","2186","88.9","88.35","0","1594","0","-0.5","5.98","114","155","116","150","293","320","302"
"1627",572122,"Kyle Seager","9458","17.2","0.317","0.266","0.269","0.583","0.374","0.396","0.336","511","1614","89.5","18.8","2175","89.1","88.50","0","1627","0","-0.6","5.99","114","159","121","151","290","318","300"
"921",571745,"Mitch Haniger","6034","15.3","0.373","0.296","0.325","0.669","0.433","0.423","0.357","340","912","89.5","14.3","2212","89.4","88.91","0","921","0","-0.5","5.96","107","151","116","146","298","317","291"
"1616",592206,"Nicholas Castellanos","9209","17.5","0.384","0.286","0.345","0.670","0.438","0.463","0.383","614","1601","89.5","15.6","2204","88.6","88.24","0","1616","0","-0.4","6.03","108","152","117","146","302","325","293"
"578",571830,"Tommy Joseph","3348","17.3","0.331","0.284","0.277","0.615","0.390","0.387","0.327","189","571","89.5","15.8","2171","90.1","89.66","0","578","0","-0.4","6.15","108","151","115","146","297","318","291"
"1224",518735,"Yasmani Grandal","8842","13.8","0.340","0.322","0.279","0.662","0.415","0.398","0.320","413","1214","89.5","13.7","2162","89.0","88.61","0","1224","0","-0.4","6.00","114","158","124","150","299","320","302"
"1257",571976,"Wil Myers","9012","13.9","0.372","0.305","0.321","0.677","0.434","0.431","0.368","462","1243","89.4","12.7","2214","89.3","88.86","0","1257","0","-0.4","6.03","109","151","115","146","303","323","300"
"1274",488726,"Michael Brantley","6163","20.7","0.354","0.186","0.327","0.540","0.375","0.370","0.342","446","1259","89.4","10.6","2185","89.2","88.78","0","1274","0","-0.4","6.01","114","149","116","149","285","318","299"
"571",608385,"Jesse Winker","3279","17.4","0.353","0.216","0.320","0.568","0.389","0.379","0.341","201","570","89.4","10.5","2182","89.3","89.01","0","571","0","-0.3","6.05","116","149","116","149","291","317","298"
"542",664023,"Ian Happ","4169","13.0","0.402","0.376","0.337","0.778","0.485","0.456","0.373","215","535","89.4","14.5","2123","89.2","88.74","0","542","0","-0.5","5.98","113","149","114","148","296","317","298"
"1526",457763,"Buster Posey","7814","19.5","0.346","0.152","0.326","0.497","0.355","0.361","0.323","522","1510","89.4","10.7","2215","89.6","89.28","0","1526","0","-0.3","6.06","108","151","117","146","302","321","292"
"777",456078,"Welington Castillo","5041","15.4","0.376","0.270","0.327","0.646","0.426","0.412","0.345","289","769","89.4","14.7","2202","89.4","89.11","0","777","0","-0.3","6.04","108","151","116","145","300","320","291"
"757",542583,"Jesus Aguilar","5300","14.3","0.369","0.328","0.301","0.697","0.435","0.430","0.353","272","737","89.4","14.8","2219","89.1","88.74","0","757","0","-0.4","6.00","108","151","116","146","305","322","296"
"876",592669,"Hunter Renfroe","5723","15.3","0.346","0.378","0.271","0.725","0.438","0.410","0.331","299","864","89.4","18.6","2255","88.6","88.12","0","876","0","-0.5","5.97","108","152","117","145","302","325","300"
"497",571602,"Matt Davidson","3983","12.5","0.376","0.364","0.306","0.740","0.458","0.456","0.358","184","489","89.4","16.4","2239","88.2","87.88","0","497","0","-0.3","6.06","107","151","115","145","300","323","294"
"833",594988,"Scott Schebler","4880","17.1","0.331","0.283","0.280","0.614","0.393","0.409","0.348","274","827","89.4","10.0","2146","88.4","87.97","0","833","0","-0.4","6.03","116","151","120","149","295","318","298"
"1221",543068,"C.J. Cron","7165","17.0","0.350","0.288","0.297","0.638","0.409","0.427","0.353","422","1207","89.4","15.4","2225","88.2","87.62","0","1221","0","-0.6","5.96","107","151","118","146","303","323","295"
"1495",596146,"Max Kepler","8371","17.9","0.303","0.267","0.256","0.570","0.361","0.345","0.309","449","1480","89.4","15.1","2185","89.4","89.06","0","1495","0","-0.3","6.05","114","150","114","149","293","320","296"
"543",592444,"JaCoby Jones","3777","14.4","0.341","0.263","0.307","0.604","0.394","0.411","0.363","184","540","89.4","13.6","2225","88.2","87.75","0","543","0","-0.4","5.97","107","151","108","146","299","320","287"
"1802",593428,"Xander Bogaerts","10619","17.0","0.373","0.243","0.339","0.616","0.414","0.372","0.334","667","1786","89.4","12.4","2239","89.6","89.13","0","1802","0","-0.5","6.04","108","150","115","146","291","319","293"
"1914",571448,"Nolan Arenado","10353","18.5","0.373","0.335","0.313","0.709","0.445","0.386","0.326","704","1887","89.4","17.9","2247","89.2","89.03","0","1914","0","-0.2","5.99","107","151","116","146","310","331","305"
"848",431145,"Russell Martin","6316","13.4","0.322","0.224","0.278","0.546","0.363","0.369","0.318","271","841","89.4","10.2","2240","90.1","89.65","0","848","0","-0.5","6.05","108","151","115","146","302","320","290"
"1395",572761,"Matt Carpenter","10174","13.7","0.343","0.301","0.293","0.644","0.407","0.440","0.359","472","1377","89.3","19.9","2150","90.0","89.63","0","1395","0","-0.4","6.10","118","157","120","152","298","321","303"
"568",607043,"Brandon Nimmo","4643","12.2","0.393","0.290","0.354","0.682","0.448","0.411","0.368","221","563","89.3","11.9","2145","89.2","88.86","0","568","0","-0.3","6.07","116","150","108","150","290","316","301"
"1591",456715,"Lorenzo Cain","9238","17.2","0.369","0.154","0.349","0.524","0.378","0.379","0.364","584","1581","89.3","8.7","2220","89.6","89.35","0","1591","0","-0.3","6.07","109","150","113","147","303","319","290"
"1459",608577,"Nomar Mazara","8802","16.6","0.347","0.235","0.306","0.582","0.386","0.398","0.347","500","1440","89.3","10.0","2174","88.7","88.39","0","1459","0","-0.3","6.04","114","151","120","150","293","322","303"
"884",572041,"A.J. Pollock","4867","18.2","0.343","0.277","0.299","0.620","0.399","0.399","0.347","300","874","89.3","12.9","2239","89.6","89.19","0","884","0","-0.4","6.00","107","151","111","145","303","321","298"
"574",600524,"Renato Nunez","3642","15.8","0.343","0.278","0.290","0.620","0.400","0.390","0.332","195","569","89.3","19.0","2219","88.6","88.24","0","574","0","-0.4","5.98","107","152","118","146","297","322","292"
"1592",543807,"George Springer","10282","15.5","0.373","0.303","0.319","0.676","0.437","0.433","0.358","590","1581","89.3","10.3","2221","88.7","88.23","0","1592","0","-0.5","6.04","108","151","115","146","299","324","293"
"742",518595,"Travis d'Arnaud","3985","18.6","0.321","0.210","0.281","0.531","0.354","0.361","0.318","235","732","89.3","13.5","2213","88.6","88.19","0","742","0","-0.4","6.08","108","151","116","147","299","320","291"
"847",489149,"Logan Morrison","5495","15.4","0.315","0.307","0.254","0.622","0.387","0.419","0.340","265","841","89.2","17.3","2179","88.8","88.24","0","847","0","-0.6","6.04","116","166","131","151","295","324","301"
"1341",595879,"Javier Baez","7775","17.2","0.408","0.326","0.359","0.733","0.475","0.435","0.368","543","1332","89.2","10.6","2217","88.4","88.07","0","1341","0","-0.3","6.01","107","151","111","145","301","321","297"
"716",519306,"Steven Souza Jr.","5449","13.1","0.383","0.292","0.337","0.675","0.442","0.430","0.360","273","713","89.2","14.0","2225","89.0","88.54","0","716","0","-0.5","6.04","108","152","114","146","302","324","295"
"664",571970,"Max Muncy","5202","12.8","0.366","0.395","0.287","0.761","0.465","0.464","0.374","241","658","89.2","15.8","2169","89.0","88.76","0","664","0","-0.2","6.05","116","156","123","152","298","322","305"
"1526",592663,"J.T. Realmuto","8687","17.6","0.376","0.243","0.340","0.619","0.415","0.398","0.355","567","1509","89.2","13.6","2204","89.4","88.93","0","1526","0","-0.5","6.07","108","151","114","146","302","318","291"
"714",488862,"Yunel Escobar","3314","21.5","0.345","0.120","0.332","0.465","0.345","0.340","0.322","245","710","89.2","2.6","2172","89.1","88.41","0","714","0","-0.7","5.98","107","150","108","145","302","318","288"
"511",429666,"J.J. Hardy","2838","18.0","0.315","0.160","0.293","0.475","0.331","0.331","0.304","159","505","89.1","12.2","2190","89.2","88.78","0","511","0","-0.4","6.02","107","151","114","145","297","317","285"
"704",650402,"Gleyber Torres","4344","16.2","0.380","0.330","0.313","0.710","0.449","0.421","0.352","263","693","89.1","18.7","2232","88.3","87.96","0","704","0","-0.3","6.00","107","153","118","147","302","322","287"
"1200",624424,"Michael Conforto","8479","14.2","0.363","0.329","0.302","0.691","0.435","0.436","0.358","430","1186","89.1","14.9","2172","89.6","89.16","0","1200","0","-0.4","6.05","115","153","123","151","294","321","303"
"1095",523253,"Logan Forsythe","7638","14.3","0.338","0.171","0.314","0.510","0.357","0.382","0.341","367","1085","89.1","13.0","2214","89.8","89.34","0","1095","0","-0.5","6.04","108","151","113","146","301","317","288"
"496",461235,"Brandon Moss","3474","14.3","0.339","0.380","0.260","0.720","0.433","0.471","0.362","166","489","89.1","20.9","2147","88.7","88.34","0","496","0","-0.4","6.12","114","160","128","150","299","323","303"
"1101",134181,"Adrian Beltre","5927","18.6","0.363","0.249","0.318","0.612","0.405","0.389","0.338","393","1084","89.1","14.7","2219","89.3","88.96","0","1101","0","-0.3","6.05","107","150","117","146","303","323","294"
"606",435063,"Mike Napoli","5082","11.9","0.342","0.349","0.267","0.691","0.425","0.435","0.330","205","599","89.1","20.7","2194","89.3","89.09","0","606","0","-0.2","6.09","106","150","116","144","300","322","295"
"1644",446334,"Evan Longoria","8965","18.3","0.341","0.259","0.296","0.600","0.388","0.398","0.333","551","1616","89.0","15.8","2213","89.3","88.86","0","1644","0","-0.4","6.03","107","152","117","146","302","325","295"
"1800",519203,"Anthony Rizzo","10293","17.5","0.349","0.277","0.301","0.626","0.405","0.399","0.344","622","1781","89.0","15.3","2164","89.0","88.67","0","1800","0","-0.3","6.05","115","160","124","151","296","322","303"
"641",460026,"Nick Hundley","3731","17.2","0.346","0.246","0.311","0.592","0.393","0.382","0.339","221","638","89.0","14.1","2198","88.8","88.49","0","641","0","-0.3","5.98","108","151","115","146","302","320","291"
"1532",466320,"Melky Cabrera","7169","21.4","0.334","0.158","0.313","0.491","0.347","0.339","0.328","506","1516","89.0","10.4","2169","89.1","88.75","0","1532","0","-0.3","6.07","112","148","112","147","291","317","295"
"787",136860,"Carlos Beltran","4116","19.1","0.341","0.238","0.299","0.579","0.383","0.357","0.320","265","777","89.0","13.4","2139","88.6","88.18","0","787","0","-0.4","6.06","112","156","125","149","295","321","293"
"1393",519058,"Mike Moustakas","7320","19.0","0.318","0.298","0.259","0.616","0.386","0.384","0.320","439","1379","89.0","18.8","2184","89.0","88.76","0","1393","0","-0.2","6.08","115","158","123","151","297","323","303"
"490",609280,"Miguel Andujar","2345","20.9","0.363","0.274","0.322","0.637","0.418","0.370","0.335","176","485","89.0","13.3","2234","88.1","87.67","0","490","0","-0.4","6.02","108","153","117","147","296","320","290"
"1180",471865,"Carlos Gonzalez","6788","17.4","0.377","0.248","0.341","0.625","0.419","0.379","0.339","441","1170","89.0","8.7","2175","88.9","88.74","0","1180","0","-0.2","6.03","116","158","124","149","303","329","309"
"1591",596748,"Maikel Franco","7736","20.6","0.304","0.222","0.261","0.526","0.346","0.349","0.307","479","1577","89.0","12.6","2204","89.7","89.34","0","1591","0","-0.4","6.12","108","152","116","146","298","321","294"
"664",456665,"Steve Pearce","4038","16.4","0.346","0.245","0.304","0.591","0.390","0.391","0.331","227","657","89.0","14.4","2232","90.1","89.58","0","664","0","-0.5","6.05","107","152","116","145","297","324","296"
"415",446481,"Sean Rodriguez","3262","12.7","0.367","0.311","0.311","0.679","0.434","0.411","0.343","151","411","88.9","15.3","2175","88.6","88.27","0","415","0","-0.3","6.06","107","150","111","144","301","317","289"
"1151",461314,"Matt Kemp","6174","18.6","0.370","0.274","0.319","0.644","0.419","0.438","0.363","418","1130","88.9","13.6","2186","88.9","88.52","0","1151","0","-0.4","6.02","107","151","116","145","304","320","296"
"1160",400121,"Victor Martinez","5880","19.7","0.318","0.171","0.286","0.489","0.339","0.368","0.321","365","1148","88.9","14.8","2144","89.5","89.12","0","1160","0","-0.4","6.10","113","165","129","151","294","322","298"
"574",453064,"Troy Tulowitzki","3127","18.4","0.323","0.223","0.280","0.547","0.364","0.376","0.319","184","569","88.9","13.4","2192","89.2","88.78","0","574","0","-0.4","6.08","107","151","116","145","302","325","295"
"517",543484,"Mikie Mahtook","3515","14.7","0.331","0.223","0.294","0.554","0.368","0.377","0.334","169","511","88.9","15.2","2215","89.0","88.57","0","517","0","-0.4","6.04","109","152","113","146","299","320","288"
"1415",607208,"Trea Turner","8087","17.5","0.384","0.236","0.355","0.621","0.422","0.391","0.357","542","1410","88.9","9.8","2190","89.2","88.95","0","1415","0","-0.3","6.05","106","150","104","146","301","317","292"
"874",571431,"Matt Adams","5339","16.4","0.350","0.335","0.285","0.685","0.428","0.424","0.340","303","866","88.9","18.7","2154","89.5","89.15","0","874","0","-0.4","6.03","116","162","126","151","300","323","304"
"612",488771,"Jason Castro","4634","13.2","0.351","0.255","0.313","0.606","0.400","0.429","0.360","214","609","88.9","12.1","2204","89.1","88.56","0","612","0","-0.5","6.04","114","153","117","150","289","318","298"
"773",596144,"Cheslor Cuthbert","4339","17.8","0.332","0.170","0.307","0.502","0.352","0.322","0.305","255","769","88.9","13.6","2194","89.4","89.08","0","773","0","-0.3","6.09","107","151","114","146","301","318","289"
"1249",457803,"Jay Bruce","7386","16.9","0.320","0.326","0.258","0.646","0.399","0.415","0.335","397","1240","88.9","18.8","2169","89.2","88.80","0","1249","0","-0.4","6.05","114","162","129","150","296","321","302"
"1100",592387,"Ryon Healy","5979","18.4","0.347","0.252","0.303","0.599","0.395","0.402","0.342","379","1092","88.9","13.6","2228","88.8","88.28","0","1100","0","-0.5","5.98","107","152","118","146","301","321","293"
"446",591741,"Jose Osuna","2305","19.3","0.316","0.243","0.279","0.559","0.361","0.368","0.330","139","440","88.8","10.0","2200","88.0","87.65","0","446","0","-0.3","5.99","109","151","115","146","304","318","291"
"448",461858,"Trevor Plouffe","2606","17.2","0.313","0.198","0.275","0.511","0.345","0.372","0.321","139","444","88.8","13.0","2200","88.7","88.12","0","448","0","-0.6","6.00","107","151","113","145","301","320","290"
"611",542454,"Danny Santana","3610","16.9","0.367","0.274","0.326","0.641","0.418","0.410","0.357","222","605","88.8","10.2","2165","88.3","87.90","0","611","0","-0.4","5.99","108","146","105","147","290","316","293"
"1532",502517,"Daniel Murphy","7349","20.8","0.367","0.240","0.332","0.607","0.406","0.383","0.342","556","1514","88.8","16.9","2196","89.0","88.72","0","1532","0","-0.3","6.05","114","151","118","150","293","319","302"
"954",571771,"Enrique Hernandez","6086","15.7","0.313","0.252","0.269","0.565","0.364","0.362","0.316","295","943","88.8","17.3","2215","89.0","88.53","0","954","0","-0.5","5.96","108","151","113","146","301","318","295"
"1529",608324,"Alex Bregman","8872","17.2","0.351","0.296","0.303","0.647","0.412","0.370","0.325","530","1511","88.8","18.4","2222","89.1","88.63","0","1529","0","-0.5","6.03","106","151","114","145","296","321","289"
"1526",596059,"Rougned Odor","8911","17.1","0.330","0.299","0.275","0.629","0.397","0.396","0.333","500","1513","88.8","15.4","2158","87.8","87.36","0","1526","0","-0.4","6.02","113","152","112","150","295","323","301"
"1821",608070,"Jose Ramirez","10179","17.9","0.344","0.278","0.302","0.622","0.400","0.369","0.329","619","1800","88.8","17.7","2166","89.3","89.00","0","1821","0","-0.3","6.06","111","148","112","147","290","316","295"
"562",611177,"Adonis Garcia","2705","20.8","0.328","0.160","0.304","0.488","0.347","0.364","0.337","184","561","88.7","8.2","2186","89.4","88.73","0","562","0","-0.7","5.97","108","149","114","145","300","316","290"
"1221",543768,"Travis Shaw","8094","15.1","0.334","0.291","0.281","0.626","0.398","0.381","0.320","404","1208","88.7","17.6","2149","89.0","88.56","0","1221","0","-0.4","6.02","116","154","121","150","295","319","302"
"415",621446,"Lewis Brinson","2755","15.1","0.284","0.172","0.259","0.456","0.311","0.373","0.327","117","412","88.7","8.9","2246","89.3","88.78","0","415","0","-0.5","5.99","109","151","112","146","304","321","293"
"1341",453943,"Todd Frazier","9260","14.5","0.317","0.294","0.256","0.611","0.382","0.376","0.315","419","1321","88.7","20.4","2234","89.4","88.87","0","1341","0","-0.5","6.04","107","152","116","145","300","323","295"
"1092",594807,"Adam Duvall","6888","15.9","0.347","0.345","0.284","0.692","0.424","0.417","0.336","372","1071","88.7","22.4","2173","89.1","88.67","0","1092","0","-0.4","6.04","107","150","115","144","300","318","293"
"479",459431,"Michael Saunders","3368","14.2","0.353","0.296","0.307","0.649","0.417","0.396","0.341","168","476","88.7","11.7","2161","89.5","88.92","0","479","0","-0.6","6.08","113","151","120","149","292","320","298"
"1673",458015,"Joey Votto","10590","15.8","0.380","0.250","0.340","0.630","0.421","0.424","0.363","629","1654","88.7","14.0","2152","89.5","89.18","0","1673","0","-0.3","6.08","114","152","122","149","292","318","300"
"650",621563,"Joey Wendle","3405","19.1","0.354","0.156","0.334","0.510","0.360","0.337","0.331","225","635","88.7","11.4","2149","88.7","88.22","0","650","0","-0.5","6.05","114","149","107","149","283","317","298"
"587",517369,"Jose Pirela","3366","17.4","0.334","0.182","0.313","0.516","0.358","0.353","0.332","195","583","88.7","6.7","2196","88.7","88.11","0","587","0","-0.6","5.97","109","150","111","146","301","318","292"
"684",592192,"Mark Canha","4835","14.1","0.353","0.313","0.297","0.665","0.421","0.401","0.335","239","678","88.6","17.1","2225","88.8","88.40","0","684","0","-0.4","6.01","107","151","117","146","300","322","292"
"1712",516770,"Starlin Castro","8992","19.0","0.365","0.196","0.333","0.561","0.388","0.373","0.338","617","1689","88.6","10.1","2229","88.8","88.25","0","1712","0","-0.5","6.02","109","151","115","146","302","320","288"
"460",449181,"Paulo Orlando","2311","19.9","0.359","0.127","0.347","0.486","0.359","0.378","0.356","164","457","88.6","9.6","2174","89.4","88.96","0","460","0","-0.4","6.09","105","149","105","145","301","317","289"
"1536",452678,"Asdrubal Cabrera","8465","18.1","0.344","0.233","0.306","0.577","0.384","0.364","0.319","523","1520","88.6","14.3","2173","89.1","88.63","0","1536","0","-0.5","6.06","112","151","114","149","294","318","297"
"584",621311,"David Dahl","3512","16.6","0.419","0.324","0.374","0.744","0.482","0.418","0.362","242","577","88.6","13.1","2188","88.8","88.72","0","584","0","-0.1","6.00","116","150","114","150","300","328","309"
"1111",621020,"Dansby Swanson","7155","15.5","0.344","0.200","0.315","0.543","0.370","0.378","0.342","377","1097","88.6","13.5","2214","89.7","89.33","0","1111","0","-0.4","6.02","108","150","110","146","303","317","288"
"971",543305,"Aaron Hicks","6422","15.1","0.333","0.261","0.282","0.594","0.383","0.378","0.328","318","954","88.6","13.1","2157","89.6","89.07","0","971","0","-0.5","6.03","110","151","112","149","296","321","292"
"604",547379,"Roberto Perez","4646","13.0","0.325","0.258","0.275","0.582","0.374","0.382","0.323","193","594","88.6","7.2","2209","89.9","89.78","0","604","0","-0.1","6.09","108","149","115","145","296","316","289"
"1132",570256,"Gregory Polanco","6837","16.6","0.329","0.263","0.286","0.592","0.382","0.385","0.338","368","1118","88.5","16.7","2158","89.5","89.11","0","1132","0","-0.4","6.06","115","149","116","150","297","319","299"
"841",594828,"Evan Gattis","4733","17.8","0.333","0.312","0.269","0.645","0.402","0.383","0.323","275","825","88.5","16.9","2206","88.8","88.29","0","841","0","-0.5","6.06","107","151","116","145","296","323","293"
"539",608384,"Nick Williams","3376","16.0","0.376","0.243","0.337","0.619","0.417","0.435","0.386","201","535","88.5","10.3","2164","89.2","89.00","0","539","0","-0.2","6.12","113","149","109","151","289","317","299"
"573",592348,"Niko Goodrum","4007","14.3","0.366","0.265","0.332","0.631","0.416","0.398","0.352","208","569","88.4","13.1","2143","88.9","88.51","0","573","0","-0.4","5.97","113","149","115","149","293","321","295"
"1332",572039,"Stephen Piscotty","7757","17.2","0.346","0.245","0.307","0.592","0.392","0.401","0.340","457","1320","88.4","13.3","2205","88.6","88.08","0","1332","0","-0.5","6.02","108","150","115","146","303","320","293"
"1503",553993,"Eugenio Suarez","10438","14.4","0.384","0.329","0.321","0.713","0.453","0.428","0.359","569","1483","88.4","16.4","2205","89.6","89.27","0","1503","0","-0.3","6.09","107","150","115","144","300","318","291"
"1045",543510,"James McCann","6718","15.6","0.353","0.210","0.318","0.563","0.384","0.402","0.348","366","1037","88.4","15.3","2202","88.4","88.06","0","1045","0","-0.3","6.04","108","151","115","146","300","322","289"
"1362",503556,"Marwin Gonzalez","8026","17.0","0.355","0.232","0.321","0.587","0.396","0.364","0.320","482","1356","88.4","10.5","2154","89.4","88.94","0","1362","0","-0.5","6.07","110","148","111","148","292","321","293"
"1075",649557,"Aledmys Diaz","5192","20.7","0.336","0.226","0.299","0.562","0.373","0.345","0.312","356","1058","88.3","13.8","2212","89.1","88.51","0","1075","0","-0.6","5.99","107","150","112","146","299","319","290"
"543",642715,"Willy Adames","3667","14.8","0.394","0.224","0.358","0.619","0.427","0.403","0.353","213","540","88.3","11.1","2249","88.8","88.22","0","543","0","-0.6","5.96","107","152","114","146","302","322","286"
"1164",476704,"Jed Lowrie","6778","17.2","0.343","0.193","0.317","0.536","0.369","0.368","0.331","396","1154","88.3","17.1","2142","88.4","87.99","0","1164","0","-0.4","6.03","112","151","113","148","288","316","294"
"806",459964,"Matt Joyce","5565","14.5","0.335","0.275","0.285","0.610","0.391","0.397","0.332","267","797","88.3","15.7","2172","89.4","89.05","0","806","0","-0.4","6.05","115","156","121","150","293","320","298"
"1299",475174,"Yonder Alonso","7532","17.2","0.320","0.221","0.281","0.542","0.360","0.382","0.330","413","1289","88.3","15.2","2157","89.2","88.83","0","1299","0","-0.4","6.04","115","159","123","150","291","320","300"
"1282",450314,"Ben Zobrist","7322","17.5","0.328","0.174","0.303","0.503","0.349","0.344","0.324","416","1267","88.3","9.2","2156","90.4","90.02","0","1282","0","-0.4","6.09","113","149","112","149","291","315","296"
"947",642708,"Amed Rosario","5180","18.3","0.363","0.184","0.342","0.547","0.383","0.369","0.354","342","941","88.2","9.4","2235","88.4","87.97","0","947","0","-0.4","6.01","107","151","108","147","302","318","289"
"1382",643217,"Andrew Benintendi","8024","17.2","0.358","0.214","0.328","0.571","0.386","0.382","0.343","487","1362","88.2","15.4","2167","88.7","88.27","0","1382","0","-0.4","6.00","113","148","112","149","280","318","304"
"685",592567,"Colin Moran","3666","18.7","0.362","0.190","0.332","0.552","0.382","0.383","0.345","244","674","88.2","12.2","2179","88.6","88.25","0","685","0","-0.3","5.98","115","154","117","150","294","318","300"
"750",408236,"Adrian Gonzalez","3979","18.8","0.341","0.182","0.311","0.523","0.361","0.365","0.329","252","738","88.2","11.6","2188","89.8","89.20","0","750","0","-0.6","5.99","115","164","125","150","294","317","304"
"518",643603,"Tyler White","3744","13.8","0.330","0.244","0.292","0.574","0.376","0.354","0.314","169","512","88.1","16.9","2197","88.7","88.32","0","518","0","-0.4","6.04","107","151","117","146","297","322","289"
"1654",543760,"Marcus Semien","10024","16.5","0.329","0.241","0.290","0.569","0.375","0.358","0.312","540","1642","88.1","16.6","2236","88.2","87.83","0","1654","0","-0.4","6.00","107","151","113","145","299","319","289"
"1160",434158,"Curtis Granderson","8397","13.8","0.315","0.306","0.260","0.621","0.386","0.389","0.327","362","1149","88.1","19.4","2179","89.8","89.37","0","1160","0","-0.4","6.08","116","157","123","151","293","318","299"
"418",527043,"Jefry Marte","2489","16.8","0.300","0.251","0.250","0.551","0.354","0.347","0.310","124","414","88.1","11.0","2192","89.6","88.88","0","418","0","-0.7","6.01","107","151","114","145","302","319","293"
"905",542921,"Tim Beckham","6063","14.9","0.377","0.263","0.339","0.640","0.426","0.408","0.353","340","902","88.0","10.5","2207","88.9","88.55","0","905","0","-0.3","6.03","107","151","112","146","299","320","288"
"1349",456488,"Eduardo Nunez","6142","22.0","0.341","0.165","0.318","0.506","0.357","0.324","0.313","456","1336","88.0","9.0","2212","88.9","88.43","0","1349","0","-0.5","6.02","106","149","107","145","293","315","288"
"1514",592696,"Eddie Rosario","7636","19.8","0.362","0.259","0.316","0.621","0.408","0.376","0.322","541","1496","88.0","16.3","2211","88.5","88.09","0","1514","0","-0.4","6.04","113","149","112","149","292","319","297"
"1353",572816,"Corey Dickerson","7770","17.4","0.369","0.277","0.330","0.646","0.422","0.394","0.340","495","1342","88.0","16.2","2175","87.9","87.45","0","1353","0","-0.4","6.00","116","150","116","150","292","321","299"
"566",571718,"Brian Goodwin","4082","13.9","0.386","0.317","0.340","0.703","0.449","0.409","0.351","216","559","88.0","16.1","2180","88.9","88.58","0","566","0","-0.3","6.02","115","148","111","149","289","316","298"
"775",592325,"Ben Gamel","5115","15.2","0.378","0.179","0.359","0.558","0.394","0.365","0.344","291","769","88.0","10.5","2171","89.3","88.91","0","775","0","-0.4","6.04","114","147","109","149","284","313","297"
"1431",460086,"Alex Gordon","8867","16.1","0.321","0.177","0.293","0.498","0.344","0.376","0.328","456","1419","88.0","12.1","2188","88.9","88.64","0","1431","0","-0.3","6.04","115","153","117","150","293","320","302"
"1417",542340,"Jonathan Villar","9617","14.7","0.393","0.227","0.360","0.620","0.425","0.375","0.342","553","1406","88.0","4.9","2135","88.9","88.53","0","1417","0","-0.4","6.03","109","147","102","147","290","314","294"
"973",435263,"Brian McCann","5713","17.0","0.303","0.218","0.254","0.521","0.341","0.347","0.303","290","958","88.0","16.7","2173","89.3","88.82","0","973","0","-0.5","6.01","115","164","129","151","293","321","297"
"1010",592273,"Brandon Drury","5913","17.1","0.341","0.231","0.307","0.571","0.380","0.383","0.338","341","1001","88.0","10.6","2206","88.6","88.21","0","1010","0","-0.4","5.98","108","151","115","146","301","321","294"
"1586",425877,"Yadier Molina","7656","20.7","0.333","0.175","0.304","0.508","0.352","0.357","0.320","521","1565","87.9","13.6","2184","89.3","88.98","0","1586","0","-0.3","6.09","110","151","115","147","304","318","291"
"1890",516416,"Jean Segura","9326","20.3","0.365","0.172","0.344","0.537","0.381","0.352","0.329","685","1878","87.9","7.9","2231","88.5","88.13","0","1890","0","-0.4","6.00","109","150","107","147","299","315","286"
"690",622666,"Johan Camargo","3932","17.5","0.359","0.229","0.327","0.587","0.397","0.350","0.320","246","686","87.9","12.5","2149","89.0","88.68","0","690","0","-0.3","5.99","113","150","111","150","296","319","296"
"577",553869,"Elias Diaz","3247","17.8","0.316","0.132","0.297","0.447","0.322","0.328","0.315","180","570","87.9","9.7","2188","88.3","87.98","0","577","0","-0.3","6.01","110","151","116","147","303","316","289"
"775",518614,"Daniel Descalso","5286","14.7","0.330","0.233","0.294","0.562","0.368","0.361","0.320","251","761","87.9","14.5","2203","89.8","89.48","0","775","0","-0.3","6.04","115","149","109","150","290","317","301"
"812",448602,"Mark Reynolds","5926","13.7","0.396","0.298","0.343","0.694","0.452","0.391","0.330","317","801","87.9","14.4","2221","89.2","88.89","0","812","0","-0.3","5.97","108","151","115","145","307","327","300"
"1473",543401,"Jason Kipnis","8624","17.1","0.324","0.230","0.286","0.554","0.365","0.368","0.325","471","1452","87.8","16.2","2172","88.8","88.54","0","1473","0","-0.3","6.03","114","148","111","148","285","315","298"
"1565",543063,"Brandon Crawford","8932","17.5","0.335","0.190","0.308","0.525","0.359","0.362","0.325","517","1543","87.8","11.5","2182","88.5","88.08","0","1565","0","-0.4","6.00","113","149","111","150","293","320","303"
"534",457706,"Austin Jackson","3826","14.0","0.394","0.165","0.378","0.559","0.401","0.373","0.354","208","528","87.8","11.4","2176","88.7","88.22","0","534","0","-0.5","6.02","107","149","110","144","296","313","284"
"1598",572821,"Brian Dozier","10303","15.5","0.338","0.302","0.283","0.640","0.405","0.370","0.306","535","1585","87.8","18.6","2230","89.5","89.07","0","1598","0","-0.4","6.04","107","152","111","145","298","319","292"
"980",657557,"Paul DeJong","6249","15.7","0.358","0.313","0.302","0.671","0.425","0.414","0.344","347","968","87.8","19.3","2212","89.1","88.83","0","980","0","-0.3","6.06","109","151","115","146","305","322","298"
"603",643446,"Jeff McNeil","2905","20.8","0.384","0.226","0.356","0.610","0.418","0.365","0.335","231","602","87.8","14.7","2180","89.2","88.81","0","603","0","-0.4","6.02","113","150","107","151","288","319","299"
"520",607345,"Kevan Smith","2583","20.1","0.342","0.138","0.323","0.480","0.347","0.354","0.331","176","515","87.7","5.0","2225","88.9","88.67","0","520","0","-0.2","6.08","108","150","116","146","298","316","285"
"1390",606466,"Ketel Marte","7292","19.1","0.349","0.214","0.321","0.563","0.381","0.358","0.334","481","1378","87.7","8.8","2184","89.0","88.44","0","1390","0","-0.6","5.97","109","148","104","147","290","318","299"
"476",542979,"Keon Broxton","4307","11.1","0.387","0.342","0.330","0.729","0.462","0.442","0.373","183","473","87.7","9.4","2179","88.3","87.93","0","476","0","-0.4","6.03","107","150","107","146","302","315","289"
"1480",592178,"Kris Bryant","9579","15.5","0.395","0.327","0.343","0.723","0.464","0.427","0.350","580","1467","87.7","19.8","2212","89.9","89.55","0","1480","0","-0.4","6.06","107","151","116","144","301","322","298"
"1499",518792,"Jason Heyward","8071","18.6","0.317","0.166","0.294","0.484","0.338","0.345","0.327","473","1490","87.7","11.6","2186","90.7","90.40","0","1499","0","-0.3","6.10","116","149","115","150","293","319","301"
"1175",645277,"Ozzie Albies","5792","20.3","0.349","0.242","0.316","0.591","0.392","0.371","0.332","407","1166","87.7","16.2","2113","88.3","87.97","0","1175","0","-0.3","6.01","112","150","107","149","297","320","298"
"574",609275,"Adalberto Mondesi","3410","16.8","0.376","0.250","0.342","0.626","0.416","0.399","0.348","213","567","87.7","11.4","2191","88.4","88.15","0","574","0","-0.3","6.00","104","146","99","145","293","319","295"
"1020",575929,"Willson Contreras","6422","15.9","0.371","0.282","0.326","0.654","0.427","0.398","0.341","376","1013","87.7","7.5","2215","89.0","88.60","0","1020","0","-0.4","6.02","108","151","112","146","300","319","295"
"459",641343,"Jake Bauers","3357","13.7","0.327","0.251","0.284","0.578","0.372","0.362","0.329","147","450","87.7","14.6","2187","88.8","88.40","0","459","0","-0.4","6.00","113","149","117","150","287","322","300"
"893",543228,"Yan Gomes","5510","16.2","0.324","0.243","0.282","0.567","0.372","0.367","0.312","287","885","87.7","18.4","2215","89.2","88.86","0","893","0","-0.3","6.03","108","151","115","145","298","317","291"
"1753",430945,"Adam Jones","8710","20.1","0.346","0.207","0.309","0.552","0.376","0.371","0.329","600","1736","87.6","14.2","2218","88.6","88.13","0","1753","0","-0.5","5.98","108","151","114","145","302","323","291"
"592",472528,"Luis Valbuena","4427","13.4","0.321","0.297","0.261","0.617","0.386","0.382","0.305","187","583","87.6","17.0","2149","88.5","88.11","0","592","0","-0.4","6.05","115","158","119","149","293","322","301"
"1889",453568,"Charlie Blackmon","10585","17.8","0.396","0.307","0.351","0.703","0.457","0.412","0.361","743","1875","87.6","13.9","2191","88.9","88.73","0","1889","0","-0.2","6.01","118","150","111","150","299","327","306"
"714",581527,"Devon Travis","3867","18.5","0.346","0.197","0.321","0.543","0.375","0.367","0.336","246","711","87.6","11.5","2234","89.2","88.66","0","714","0","-0.5","6.03","107","150","110","146","300","316","282"
"898",456030,"Dustin Pedroia","4697","19.1","0.355","0.138","0.336","0.493","0.359","0.332","0.319","316","891","87.5","9.8","2200","89.5","88.94","0","898","0","-0.6","6.03","108","149","112","145","290","314","288"
"612",607054,"Jace Peterson","4019","15.2","0.306","0.155","0.288","0.461","0.323","0.346","0.323","186","607","87.5","6.8","2182","90.2","89.80","0","612","0","-0.4","6.06","112","147","106","148","285","313","297"
"776",465041,"Francisco Cervelli","5105","15.2","0.345","0.164","0.322","0.509","0.358","0.359","0.324","264","766","87.5","10.5","2201","89.9","89.49","0","776","0","-0.4","6.08","108","150","112","146","301","315","287"
"988",445988,"Martin Prado","5020","19.7","0.325","0.110","0.313","0.435","0.323","0.325","0.324","318","979","87.5","9.2","2180","89.7","89.21","0","988","0","-0.5","6.04","109","149","114","146","300","312","282"
"708",621439,"Byron Buxton","4682","15.1","0.375","0.279","0.340","0.654","0.426","0.376","0.338","263","702","87.5","16.9","2229","88.9","88.38","0","708","0","-0.5","6.01","101","147","100","142","297","316","286"
"926",543877,"Christian Vazquez","5131","18.0","0.333","0.174","0.308","0.507","0.354","0.339","0.311","307","922","87.4","11.0","2218","88.7","88.34","0","926","0","-0.4","6.02","108","150","116","147","291","315","287"
"701",600869,"Jeimer Candelario","4877","14.4","0.324","0.222","0.291","0.545","0.363","0.346","0.308","225","695","87.4","15.8","2131","89.7","89.38","0","701","0","-0.3","6.06","113","150","119","149","292","321","295"
"1530",570731,"Jonathan Schoop","8223","18.6","0.358","0.267","0.312","0.626","0.409","0.374","0.334","543","1515","87.4","13.2","2221","89.1","88.73","0","1530","0","-0.4","6.01","107","151","116","145","300","322","291"
"938",446308,"Matt Wieters","5287","17.7","0.306","0.200","0.268","0.506","0.339","0.349","0.305","284","927","87.4","15.4","2176","89.5","89.24","0","938","0","-0.3","6.08","113","156","121","149","295","320","300"
"643",572191,"Michael A. Taylor","4424","14.5","0.392","0.262","0.358","0.654","0.438","0.402","0.350","251","641","87.4","9.7","2189","87.8","87.35","0","643","0","-0.4","5.99","106","150","105","145","300","318","295"
"631",519222,"Austin Romine","3445","18.3","0.325","0.188","0.293","0.514","0.350","0.351","0.323","202","621","87.4","10.2","2205","87.8","87.31","0","631","0","-0.5","5.99","108","150","116","146","301","317","282"
"458",605131,"Austin Barnes","3179","14.4","0.322","0.197","0.295","0.520","0.353","0.325","0.304","147","456","87.4","11.8","2224","88.8","88.40","0","458","0","-0.4","5.99","108","150","113","146","300","315","290"
"601",600303,"Tommy La Stella","3265","18.4","0.332","0.174","0.304","0.506","0.354","0.350","0.320","199","599","87.4","13.4","2191","89.2","88.73","0","601","0","-0.5","5.97","114","149","111","150","288","314","299"
"1042",588751,"Adeiny Hechavarria","5075","20.5","0.310","0.146","0.290","0.455","0.321","0.335","0.321","319","1030","87.4","10.8","2195","88.6","88.03","0","1042","0","-0.6","6.00","106","149","106","146","299","314","283"
"1057",608365,"Addison Russell","6605","16.0","0.341","0.214","0.308","0.555","0.375","0.365","0.330","357","1047","87.4","14.9","2198","88.9","88.55","0","1057","0","-0.4","6.04","107","150","111","145","299","316","291"
"1733",462101,"Elvis Andrus","8785","19.7","0.347","0.166","0.326","0.513","0.360","0.337","0.317","594","1711","87.4","8.9","2232","88.9","88.57","0","1733","0","-0.3","6.06","106","149","110","145","300","317","285"
"746",400284,"Chase Utley","4377","17.0","0.313","0.187","0.289","0.500","0.341","0.348","0.317","232","742","87.3","12.8","2156","90.0","89.53","0","746","0","-0.5","6.04","116","152","117","149","291","314","300"
"492",543308,"John Hicks","3147","15.6","0.372","0.243","0.335","0.616","0.414","0.384","0.342","182","489","87.3","15.1","2221","87.8","87.44","0","492","0","-0.4","6.01","109","151","115","146","299","321","288"
"483",595375,"JT Riddle","2620","18.4","0.302","0.180","0.274","0.482","0.327","0.343","0.312","144","477","87.3","8.3","2192","88.1","87.51","0","483","0","-0.6","5.98","112","148","105","150","289","315","299"
"1206",594809,"Adam Eaton","7253","16.6","0.361","0.180","0.341","0.541","0.381","0.360","0.341","434","1201","87.3","9.2","2182","89.0","88.58","0","1206","0","-0.4","6.05","110","146","98","146","284","314","298"
"1076",595281,"Kevin Kiermaier","6418","16.8","0.333","0.233","0.301","0.567","0.376","0.349","0.318","357","1071","87.3","10.1","2169","88.7","88.00","0","1076","0","-0.7","5.99","110","147","104","148","287","322","298"
"601",664068,"Scott Kingery","3937","15.3","0.366","0.252","0.333","0.618","0.410","0.395","0.349","218","595","87.2","18.7","2243","89.0","88.64","0","601","0","-0.4","6.03","108","152","110","146","300","318","288"
"923",576397,"Jedd Gyorko","5605","16.5","0.345","0.262","0.294","0.607","0.395","0.378","0.313","314","911","87.2","16.5","2191","89.3","88.97","0","923","0","-0.3","6.09","109","151","115","146","304","320","296"
"734",452104,"Chase Headley","4694","15.6","0.354","0.178","0.325","0.533","0.371","0.360","0.329","256","723","87.2","12.2","2159","88.8","88.32","0","734","0","-0.5","6.06","112","154","118","148","291","317","292"
"959",621035,"Chris Taylor","6719","14.3","0.388","0.284","0.354","0.673","0.440","0.409","0.362","369","950","87.2","14.3","2224","89.1","88.78","0","959","0","-0.3","5.99","109","151","110","146","302","317","293"
"1114",435522,"Neil Walker","6633","16.8","0.333","0.206","0.297","0.539","0.365","0.386","0.338","368","1104","87.2","15.9","2152","89.2","88.75","0","1114","0","-0.5","6.07","113","154","118","150","294","318","297"
"1707",592743,"Andrelton Simmons","7248","23.6","0.322","0.135","0.304","0.457","0.329","0.310","0.301","544","1690","87.1","8.1","2219","89.2","88.67","0","1707","0","-0.5","5.99","106","150","108","145","301","318","290"
"1005",541650,"Hernan Perez","5294","19.0","0.352","0.207","0.318","0.559","0.381","0.348","0.323","350","995","87.1","12.4","2185","88.8","88.46","0","1005","0","-0.3","6.04","108","150","110","146","301","315","289"
"1026",435559,"Kurt Suzuki","4821","21.3","0.318","0.233","0.274","0.551","0.361","0.337","0.306","322","1013","87.1","18.5","2224","89.9","89.53","0","1026","0","-0.4","6.05","107","151","114","146","300","316","288"
"416",593528,"Jorge Bonifacio","2879","14.4","0.370","0.232","0.338","0.603","0.407","0.418","0.366","153","413","87.1","18.0","2183","88.5","88.36","0","416","0","-0.1","6.07","108","151","115","146","301","321","291"
"771",622110,"Matt Duffy","4208","18.3","0.348","0.102","0.336","0.450","0.341","0.341","0.336","266","765","87.1","6.3","2214","89.1","88.60","0","771","0","-0.5","6.02","107","150","113","147","299","316","282"
"729",455139,"Robinson Chirinos","5491","13.3","0.360","0.328","0.301","0.688","0.432","0.389","0.316","259","719","87.1","18.8","2216","88.7","88.34","0","729","0","-0.4","6.06","107","150","115","145","297","322","292"
"945",457727,"Cameron Maybin","5984","15.8","0.360","0.172","0.338","0.532","0.378","0.356","0.332","339","941","87.1","7.3","2206","89.2","88.69","0","945","0","-0.5","6.02","107","149","108","145","301","318","286"
"472",457787,"Danny Espinosa","3418","13.8","0.324","0.247","0.274","0.571","0.372","0.367","0.307","151","466","87.0","13.5","2150","89.4","89.05","0","472","0","-0.3","6.06","109","147","106","147","294","317","298"
"1080",527038,"Wilmer Flores","5517","19.6","0.330","0.218","0.290","0.548","0.365","0.336","0.306","351","1063","87.0","18.1","2202","89.6","89.25","0","1080","0","-0.3","6.09","107","151","114","146","299","318","292"
"1174",451594,"Dexter Fowler","8193","14.3","0.341","0.247","0.302","0.588","0.384","0.386","0.348","395","1159","87.0","13.3","2170","89.6","89.25","0","1174","0","-0.4","6.06","115","150","112","150","297","319","298"
"1423",641313,"Tim Anderson","7678","18.5","0.392","0.227","0.361","0.619","0.426","0.385","0.351","555","1416","87.0","9.9","2236","88.4","88.03","0","1423","0","-0.4","6.06","106","149","106","144","297","316","285"
"1310",474832,"Brandon Belt","8937","14.7","0.352","0.263","0.315","0.615","0.402","0.426","0.350","457","1299","87.0","22.1","2170","89.2","88.83","0","1310","0","-0.4","6.03","115","160","126","149","295","323","305"
"1736",520471,"Freddy Galvis","9868","17.6","0.332","0.201","0.302","0.533","0.363","0.334","0.306","572","1722","87.0","14.5","2151","88.9","88.41","0","1736","0","-0.5","6.07","108","147","104","148","287","314","293"
"880",572008,"Chris Owings","4887","18.0","0.334","0.186","0.313","0.519","0.357","0.353","0.326","291","872","87.0","11.5","2224","88.8","88.38","0","880","0","-0.4","5.99","107","149","105","146","301","316","289"
"1520",500871,"Eduardo Escobar","8568","17.7","0.338","0.258","0.295","0.596","0.386","0.373","0.323","506","1499","87.0","18.5","2159","88.5","88.06","0","1520","0","-0.4","6.02","111","150","112","148","293","318","294"
"1160",605113,"Nick Ahmed","6151","18.9","0.317","0.212","0.283","0.529","0.350","0.339","0.313","361","1140","87.0","10.4","2259","89.1","88.69","0","1160","0","-0.4","5.99","107","150","108","146","303","321","293"
"1027",622534,"Manuel Margot","5824","17.6","0.330","0.194","0.306","0.524","0.357","0.339","0.323","336","1017","87.0","12.7","2246","88.6","88.11","0","1027","0","-0.5","5.97","107","150","106","146","301","318","290"
"1128",543257,"Robbie Grossman","7244","15.6","0.348","0.173","0.326","0.521","0.366","0.358","0.339","389","1119","87.0","14.0","2156","89.4","88.98","0","1128","0","-0.4","6.04","112","149","111","148","290","317","293"
"1838",514888,"Jose Altuve","8899","20.7","0.386","0.238","0.350","0.624","0.423","0.395","0.350","703","1823","86.9","11.0","2215","88.9","88.45","0","1838","0","-0.4","6.05","105","149","107","144","295","320","288"
"1739",593160,"Whit Merrifield","9133","19.0","0.369","0.188","0.347","0.557","0.389","0.370","0.339","636","1723","86.9","16.0","2211","89.2","89.00","0","1739","0","-0.2","6.06","106","150","106","146","300","316","287"
"1021",595777,"Jurickson Profar","5987","17.1","0.293","0.216","0.258","0.509","0.335","0.335","0.306","297","1014","86.9","13.0","2168","88.9","88.53","0","1021","0","-0.4","6.05","111","148","111","148","292","319","295"
"1223",571697,"Scooter Gennett","6946","17.6","0.383","0.245","0.345","0.628","0.423","0.355","0.320","464","1212","86.9","13.6","2155","88.4","88.11","0","1223","0","-0.3","6.08","113","147","109","149","289","314","297"
"635",444489,"Manny Pina","3808","16.7","0.349","0.207","0.316","0.557","0.378","0.363","0.325","219","627","86.9","17.0","2183","89.3","88.99","0","635","0","-0.3","6.04","109","150","114","146","301","315","289"
"1289",474568,"Jordy Mercer","7237","17.8","0.326","0.179","0.303","0.505","0.350","0.350","0.326","418","1282","86.8","12.4","2209","89.7","89.28","0","1289","0","-0.4","6.04","109","150","112","146","300","313","285"
"851",544725,"Leury Garcia","4411","19.3","0.378","0.157","0.359","0.535","0.385","0.355","0.342","319","845","86.8","6.1","2169","88.6","88.37","0","851","0","-0.2","6.07","108","147","100","146","286","314","292"
"1069",518618,"Derek Dietrich","6805","15.7","0.347","0.238","0.312","0.585","0.389","0.381","0.336","368","1059","86.8","16.8","2129","89.3","88.89","0","1069","0","-0.4","6.07","114","149","114","150","291","317","298"
"512",501571,"Juan Lagares","2982","17.2","0.335","0.159","0.317","0.494","0.348","0.331","0.319","170","508","86.8","11.9","2193","89.2","88.70","0","512","0","-0.5","6.07","107","151","107","147","299","315","289"
"456",425772,"Jeff Mathis","3008","15.2","0.307","0.132","0.294","0.439","0.315","0.302","0.287","139","453","86.8","15.4","2225","88.7","88.19","0","456","0","-0.5","5.95","107","150","111","146","300","317","290"
"1623",458731,"Brett Gardner","10443","15.5","0.332","0.210","0.301","0.542","0.365","0.334","0.317","534","1608","86.8","10.7","2189","89.2","88.68","0","1623","0","-0.5","5.99","111","148","104","148","281","314","294"
"784",519390,"Stephen Vogt","4482","17.5","0.310","0.230","0.275","0.539","0.352","0.355","0.310","240","775","86.7","20.2","2163","88.7","88.29","0","784","0","-0.4","6.05","115","157","122","151","290","320","299"
"476",621002,"Daniel Robertson","3449","13.8","0.333","0.174","0.308","0.506","0.353","0.333","0.306","157","472","86.7","8.0","2223","88.9","88.24","0","476","0","-0.7","5.97","108","151","114","147","299","321","288"
"1476",502210,"Josh Reddick","7653","19.3","0.343","0.179","0.313","0.522","0.361","0.347","0.328","498","1452","86.7","17.1","2162","88.5","88.05","0","1476","0","-0.5","6.03","115","150","116","149","287","320","297"
"1303",546318,"Odubel Herrera","7675","17.0","0.359","0.201","0.332","0.560","0.387","0.349","0.323","465","1297","86.7","11.4","2161","89.0","88.59","0","1303","0","-0.4","6.10","113","147","104","149","286","316","296"
"1151",624428,"Adam Frazier","6046","19.0","0.341","0.173","0.322","0.514","0.360","0.340","0.326","390","1145","86.6","11.5","2194","88.9","88.58","0","1151","0","-0.3","6.01","116","148","105","149","285","312","296"
"769",571788,"Brock Holt","4816","16.0","0.354","0.149","0.334","0.503","0.360","0.347","0.342","268","758","86.6","7.9","2170","89.3","88.92","0","769","0","-0.4","6.02","112","147","108","148","272","310","300"
"663",595978,"Austin Hedges","4303","15.4","0.311","0.253","0.262","0.563","0.363","0.344","0.296","204","657","86.6","19.1","2253","89.2","88.71","0","663","0","-0.5","5.99","108","151","115","146","300","320","295"
"1315",518960,"Jonathan Lucroy","7188","18.3","0.320","0.161","0.295","0.481","0.336","0.339","0.313","415","1298","86.6","12.7","2222","89.1","88.76","0","1315","0","-0.3","6.03","107","150","115","146","301","317","285"
"1153",500208,"Yangervis Solarte","5446","21.2","0.303","0.195","0.269","0.498","0.336","0.323","0.298","347","1144","86.6","14.1","2144","88.6","88.08","0","1153","0","-0.5","6.02","112","153","116","149","293","318","297"
"1421",516782,"Starling Marte","7707","18.4","0.377","0.218","0.348","0.595","0.408","0.404","0.362","532","1412","86.6","9.2","2210","89.4","89.02","0","1421","0","-0.4","6.06","106","150","107","145","303","318","291"
"529",573135,"Tyler Saladino","3234","16.4","0.320","0.145","0.298","0.465","0.332","0.326","0.309","168","525","86.6","11.8","2219","89.5","89.04","0","529","0","-0.5","6.08","106","149","107","144","296","313","282"
"481",444379,"John Jaso","2994","16.1","0.319","0.215","0.292","0.534","0.358","0.368","0.327","153","479","86.5","12.2","2190","90.6","90.21","0","481","0","-0.4","6.14","116","151","119","150","290","313","295"
"777",460576,"Carlos Gomez","5137","15.1","0.346","0.246","0.307","0.593","0.392","0.379","0.333","267","771","86.5","15.4","2190","88.1","87.64","0","777","0","-0.5","6.06","105","150","108","145","300","323","292"
"1150",606115,"Orlando Arcia","6189","18.6","0.317","0.151","0.293","0.468","0.331","0.310","0.293","362","1141","86.5","6.4","2206","88.8","88.39","0","1150","0","-0.4","6.02","107","149","108","146","301","315","289"
"545",502082,"Lonnie Chisenhall","3023","18.0","0.370","0.221","0.341","0.591","0.400","0.352","0.318","199","538","86.5","18.8","2179","89.3","89.06","0","545","0","-0.2","6.08","113","148","110","148","287","315","296"
"528",664056,"Harrison Bader","3873","13.6","0.361","0.244","0.321","0.605","0.402","0.388","0.339","188","521","86.5","13.5","2203","88.3","88.05","0","528","0","-0.2","6.05","107","150","109","146","305","322","296"
"432",488721,"Peter Bourjos","2493","17.3","0.333","0.203","0.314","0.536","0.363","0.320","0.304","143","429","86.4","8.8","2202","89.3","88.68","0","432","0","-0.6","6.06","105","149","101","145","295","314","284"
"600",572365,"Ryan Goins","3535","17.0","0.312","0.158","0.294","0.470","0.329","0.306","0.285","186","596","86.4","9.1","2138","88.6","88.10","0","600","0","-0.5","6.01","110","147","104","148","280","314","299"
"444",608700,"Kevin Plawecki","2765","16.1","0.302","0.168","0.280","0.469","0.324","0.316","0.293","133","441","86.4","11.7","2183","89.6","89.28","0","444","0","-0.3","6.08","106","150","115","145","298","316","289"
"1777",607680,"Kevin Pillar","8424","21.1","0.323","0.193","0.296","0.515","0.350","0.348","0.324","567","1758","86.4","14.7","2233","88.8","88.33","0","1777","0","-0.5","5.98","106","150","109","145","299","320","289"
"720",453056,"Jacoby Ellsbury","3897","18.5","0.326","0.149","0.311","0.476","0.339","0.334","0.323","234","717","86.4","11.3","2157","89.6","88.99","0","720","0","-0.6","6.03","110","147","103","148","282","314","293"
"921",546991,"Albert Almora Jr.","4432","20.8","0.355","0.168","0.330","0.523","0.369","0.339","0.325","323","911","86.4","8.9","2221","89.3","89.01","0","921","0","-0.3","6.04","108","150","108","146","298","317","291"
"629",493114,"Norichika Aoki","3148","20.0","0.332","0.133","0.319","0.465","0.337","0.284","0.283","207","623","86.3","4.2","2148","88.9","88.34","0","629","0","-0.6","6.07","108","146","97","144","270","304","293"
"1583",544369,"Didi Gregorius","7596","20.8","0.322","0.236","0.278","0.558","0.365","0.320","0.300","502","1561","86.2","16.7","2185","89.3","88.78","0","1583","0","-0.5","6.03","113","149","110","150","286","318","293"
"939",455117,"Martin Maldonado","5723","16.4","0.305","0.207","0.270","0.512","0.342","0.336","0.292","285","934","86.2","13.2","2211","89.0","88.64","0","939","0","-0.4","6.02","108","151","114","146","300","318","289"
"1162",571466,"Tucker Barnhart","6423","18.1","0.322","0.168","0.299","0.490","0.342","0.331","0.313","371","1153","86.2","11.1","2133","89.3","88.98","0","1162","0","-0.3","6.09","112","149","112","148","289","313","293"
"1543",605412,"Joe Panik","7525","20.5","0.288","0.126","0.271","0.414","0.295","0.310","0.290","439","1523","86.1","12.0","2161","89.4","89.07","0","1543","0","-0.3","6.05","115","148","107","149","285","316","300"
"410",608597,"Ronald Guzman","2942","13.9","0.351","0.277","0.306","0.627","0.406","0.390","0.342","142","405","86.1","15.2","2162","88.8","88.28","0","410","0","-0.5","5.96","115","153","121","150","290","323","303"
"1515",435079,"Ian Kinsler","8135","18.6","0.309","0.209","0.273","0.518","0.348","0.334","0.302","467","1509","86.1","18.9","2218","89.0","88.56","0","1515","0","-0.4","6.04","109","152","111","146","298","320","290"
"835",547982,"Leonys Martin","5145","16.2","0.328","0.197","0.293","0.525","0.358","0.366","0.323","271","826","86.1","14.0","2166","89.3","88.70","0","835","0","-0.6","6.00","109","146","101","148","284","316","296"
"1306",593871,"Jorge Polanco","7293","17.9","0.358","0.209","0.330","0.566","0.385","0.357","0.330","461","1289","86.0","17.7","2176","89.4","89.09","0","1306","0","-0.3","6.08","110","148","106","148","291","317","291"
"482",446386,"Brandon Guyer","2845","16.9","0.324","0.194","0.295","0.518","0.354","0.340","0.320","155","479","85.9","14.6","2183","89.5","89.12","0","482","0","-0.4","6.10","106","150","107","144","296","317","286"
"969",446359,"Zack Cozart","5405","17.9","0.314","0.231","0.276","0.546","0.355","0.325","0.300","300","955","85.9","16.5","2189","89.5","89.11","0","969","0","-0.4","6.07","108","150","111","144","297","314","287"
"1125",467827,"Gerardo Parra","5507","20.4","0.347","0.169","0.323","0.516","0.362","0.348","0.326","385","1110","85.9","8.3","2165","88.9","88.78","0","1125","0","-0.1","6.04","113","148","105","148","292","320","305"
"631",545350,"Jake Marisnick","4346","14.5","0.356","0.283","0.313","0.639","0.415","0.371","0.320","224","629","85.9","14.4","2193","87.9","87.39","0","631","0","-0.5","6.01","104","149","107","145","295","322","288"
"403",600474,"Pedro Severino","2458","16.4","0.299","0.187","0.267","0.486","0.330","0.335","0.307","120","401","85.8","13.6","2211","88.4","87.94","0","403","0","-0.5","5.95","107","150","115","145","299","316","289"
"417",643396,"Isiah Kiner-Falefa","2347","17.8","0.335","0.123","0.325","0.458","0.338","0.306","0.312","139","415","85.7","8.2","2225","88.7","88.38","0","417","0","-0.3","6.03","106","149","113","145","298","316","283"
"1213",452655,"Denard Span","6416","18.9","0.321","0.173","0.299","0.494","0.342","0.350","0.338","386","1203","85.6","10.4","2204","90.0","89.55","0","1213","0","-0.4","6.06","113","147","103","148","280","311","296"
"463",606132,"Raimel Tapia","2483","18.6","0.379","0.186","0.363","0.565","0.398","0.345","0.335","175","462","85.6","10.1","2180","89.2","89.08","0","463","0","-0.1","5.94","114","148","105","149","292","323","307"
"1250",570560,"Yolmer Sanchez","7490","16.7","0.333","0.158","0.317","0.491","0.347","0.328","0.314","413","1241","85.6","12.0","2159","88.4","88.09","0","1250","0","-0.3","6.07","110","147","104","146","284","313","292"
"949",408252,"Brandon Phillips","4312","22.0","0.339","0.152","0.319","0.490","0.350","0.327","0.311","319","942","85.5","9.6","2179","89.1","88.64","0","949","0","-0.5","6.05","108","149","113","146","300","314","285"
"412",434636,"Angel Pagan","2117","19.5","0.325","0.166","0.303","0.491","0.344","0.337","0.330","133","409","85.5","13.2","2146","89.9","89.67","0","412","0","-0.2","6.21","110","148","104","147","285","312","292"
"717",434658,"Rajai Davis","4062","17.7","0.327","0.158","0.308","0.485","0.343","0.329","0.315","233","713","85.5","13.3","2204","88.4","88.05","0","717","0","-0.3","6.00","104","148","103","143","295","313","283"
"555",605486,"Cory Spangenberg","3667","15.1","0.377","0.209","0.350","0.587","0.407","0.378","0.344","209","554","85.4","8.0","2175","88.8","88.32","0","555","0","-0.5","5.99","111","146","102","149","287","315","299"
"1185",543939,"Kolten Wong","6398","18.5","0.334","0.163","0.313","0.496","0.347","0.322","0.309","390","1169","85.3","10.6","2164","89.6","89.33","0","1185","0","-0.3","6.08","111","147","105","150","291","317","299"
"1141",543281,"Josh Harrison","5841","19.5","0.330","0.159","0.308","0.489","0.342","0.329","0.305","371","1123","85.3","15.5","2208","88.7","88.24","0","1141","0","-0.5","6.02","107","149","105","145","301","315","287"
"480",543376,"Caleb Joseph","2844","16.9","0.307","0.148","0.290","0.455","0.323","0.331","0.312","147","479","85.2","13.0","2199","89.3","88.88","0","480","0","-0.4","6.02","109","151","115","146","299","314","282"
"586",491676,"Gorkys Hernandez","3649","16.1","0.326","0.169","0.304","0.496","0.345","0.349","0.319","189","579","85.2","11.4","2215","89.1","88.64","0","586","0","-0.5","5.99","106","150","104","147","298","316","287"
"1205",500743,"Miguel Rojas","5760","20.9","0.320","0.108","0.306","0.428","0.317","0.308","0.308","381","1192","85.1","9.0","2184","89.5","89.14","0","1205","0","-0.4","6.09","108","150","110","146","300","312","282"
"585",501303,"Ehire Adrianza","3258","18.0","0.334","0.169","0.311","0.503","0.349","0.329","0.309","192","574","85.1","15.3","2166","89.5","89.19","0","585","0","-0.3","6.06","109","147","105","146","287","314","291"
"489",572033,"Josh Phegley","2533","19.3","0.292","0.194","0.261","0.485","0.321","0.318","0.293","140","480","84.9","17.7","2221","88.4","87.97","0","489","0","-0.4","5.98","106","151","116","145","298","318","286"
"1733",514917,"Cesar Hernandez","10352","16.7","0.364","0.152","0.345","0.516","0.373","0.348","0.338","627","1723","84.8","7.2","2162","89.7","89.30","0","1733","0","-0.4","6.11","110","148","101","148","285","312","291"
"465",621028,"Kevin Newman","2211","21.0","0.363","0.149","0.344","0.512","0.370","0.337","0.337","168","463","84.8","9.2","2222","88.3","88.12","0","465","0","-0.2","6.00","107","151","108","147","303","314","284"
"820",553882,"Omar Narvaez","4951","16.6","0.355","0.173","0.325","0.528","0.373","0.341","0.323","289","815","84.8","14.9","2179","89.3","88.93","0","820","0","-0.4","6.03","114","152","116","149","282","313","297"
"678",506702,"Sandy Leon","4355","15.6","0.320","0.177","0.292","0.498","0.343","0.310","0.286","215","671","84.8","16.0","2142","89.0","88.52","0","678","0","-0.5","6.02","112","153","117","148","282","317","297"
"787",408314,"Jose Reyes","4108","19.2","0.298","0.203","0.271","0.501","0.333","0.313","0.297","233","783","84.7","16.4","2155","89.6","89.14","0","787","0","-0.5","6.09","109","147","101","148","286","312","294"
"1098",445055,"Jon Jay","6095","18.0","0.357","0.100","0.351","0.457","0.348","0.331","0.330","390","1092","84.6","6.4","2170","88.7","88.37","0","1098","0","-0.3","6.03","115","148","105","149","279","309","299"
"600",519299,"Eric Sogard","3441","17.4","0.319","0.154","0.298","0.473","0.333","0.317","0.312","190","596","84.5","17.1","2177","89.5","89.06","0","600","0","-0.4","6.03","112","148","106","150","282","313","296"
"606",641553,"Adam Engel","3984","15.2","0.327","0.179","0.306","0.506","0.352","0.339","0.320","198","605","84.5","14.1","2231","88.7","88.52","0","606","0","-0.2","6.10","103","149","103","144","295","317","287"
"755",547172,"Tony Wolters","4265","17.7","0.309","0.111","0.299","0.420","0.308","0.288","0.287","231","747","84.3","7.8","2206","90.1","89.97","0","755","0","-0.1","6.02","114","148","109","148","290","319","304"
"466",453923,"Gregor Blanco","2998","15.5","0.313","0.134","0.304","0.446","0.321","0.318","0.305","145","464","84.3","13.6","2161","89.2","88.80","0","466","0","-0.4","6.00","111","146","102","148","281","312","299"
"632",572073,"Joey Rickard","3990","15.8","0.340","0.175","0.317","0.515","0.361","0.316","0.296","214","629","84.3","16.4","2205","89.2","88.71","0","632","0","-0.5","5.97","105","150","107","145","295","313","281"
"1397",606299,"Jose Peraza","6411","21.8","0.333","0.123","0.317","0.455","0.334","0.337","0.333","461","1386","84.1","14.2","2192","89.0","88.65","0","1397","0","-0.3","6.05","107","148","104","145","296","309","278"
"737",628338,"Guillermo Heredia","4214","17.5","0.319","0.135","0.301","0.454","0.328","0.324","0.317","234","734","84.1","11.8","2208","89.5","89.00","0","737","0","-0.5","6.03","104","149","104","145","294","313","281"
"1361",444876,"Alcides Escobar","6625","20.5","0.305","0.116","0.293","0.421","0.307","0.303","0.296","411","1349","84.1","12.1","2205","88.9","88.50","0","1361","0","-0.4","6.05","105","149","104","145","298","313","281"
"516",643393,"Tony Kemp","2706","19.1","0.292","0.173","0.267","0.465","0.316","0.271","0.265","149","510","84.0","12.8","2202","89.8","89.38","0","516","0","-0.4","6.06","106","144","99","146","274","310","294"
"683",594824,"Greg Garcia","4641","14.7","0.339","0.122","0.326","0.462","0.340","0.327","0.320","230","678","83.9","7.3","2180","89.8","89.42","0","683","0","-0.4","6.06","113","148","104","149","287","314","299"
"467",446381,"Darwin Barney","2477","18.9","0.317","0.131","0.300","0.448","0.324","0.298","0.294","147","464","83.9","12.0","2221","88.9","88.37","0","467","0","-0.5","6.07","107","149","107","145","295","313","279"
"737",664058,"David Fletcher","3804","19.4","0.335","0.106","0.328","0.441","0.331","0.323","0.332","246","734","83.8","12.0","2221","88.1","87.57","0","737","0","-0.5","5.93","106","151","111","146","295","313","283"
"1486",578428,"Jose Iglesias","7435","20.0","0.318","0.129","0.305","0.448","0.325","0.301","0.303","471","1479","83.8","10.2","2231","88.8","88.46","0","1486","0","-0.3","6.04","107","149","106","145","295","311","277"
"436",461865,"Andrew Romine","2563","17.0","0.313","0.120","0.302","0.433","0.317","0.334","0.326","136","434","83.6","9.0","2099","89.1","88.85","0","436","0","-0.2","6.14","111","148","105","147","283","312","291"
"692",594694,"Wilmer Difo","3948","17.5","0.334","0.138","0.316","0.472","0.341","0.330","0.324","229","686","83.4","9.7","2164","90.0","89.65","0","692","0","-0.3","6.09","108","146","102","147","286","310","295"
"532",608671,"Travis Jankowski","3577","14.9","0.348","0.096","0.340","0.444","0.341","0.317","0.331","185","532","83.3","1.8","2164","89.8","89.37","0","532","0","-0.4","6.05","110","147","97","147","280","310","299"
"418",593700,"Alen Hanson","2268","18.4","0.318","0.192","0.293","0.510","0.345","0.293","0.284","131","412","83.2","13.0","2179","89.5","89.12","0","418","0","-0.4","6.00","107","146","100","147","289","315","293"
"1615",542255,"Ender Inciarte","7950","20.3","0.337","0.132","0.323","0.469","0.342","0.303","0.301","541","1606","83.2","9.6","2168","89.1","88.56","0","1615","0","-0.5","5.99","110","147","97","147","281","311","296"
"1033",605480,"Mallex Smith","6170","16.7","0.351","0.148","0.341","0.499","0.360","0.311","0.308","361","1028","83.0","4.7","2192","89.4","88.83","0","1033","0","-0.6","6.00","105","145","96","145","275","308","294"
"590",430947,"Erick Aybar","3002","19.7","0.298","0.118","0.283","0.416","0.301","0.278","0.278","174","584","83.0","6.4","2143","90.2","89.60","0","590","0","-0.6","6.02","109","146","101","146","284","311","292"
"512",593643,"Hanser Alberto","2042","25.1","0.332","0.126","0.314","0.458","0.335","0.308","0.302","169","509","82.9","12.1","2229","88.2","87.81","0","512","0","-0.4","5.99","106","151","108","146","296","317","283"
"467",591720,"Ronald Torreyes","2050","22.8","0.346","0.115","0.337","0.461","0.341","0.283","0.286","160","462","82.8","9.1","2212","88.8","88.26","0","467","0","-0.5","6.03","105","150","104","145","292","308","273"
"562",519184,"Ben Revere","2468","22.8","0.272","0.088","0.267","0.360","0.268","0.288","0.293","152","558","82.7","5.0","2194","89.8","89.45","0","562","0","-0.4","6.07","108","145","95","145","274","304","294"
"849",592261,"Delino DeShields","5887","14.4","0.345","0.130","0.329","0.474","0.346","0.308","0.301","290","841","82.7","9.7","2220","89.4","89.02","0","849","0","-0.4","6.06","102","146","101","143","298","313","281"
"452",400085,"Ichiro Suzuki","2504","18.1","0.331","0.096","0.324","0.427","0.324","0.290","0.295","149","450","82.7","7.5","2154","89.0","88.38","0","452","0","-0.6","6.02","111","146","102","144","273","304","294"
"452",645302,"Victor Robles","2620","17.3","0.356","0.244","0.322","0.600","0.396","0.338","0.311","159","447","82.2","16.0","2230","89.3","89.12","0","452","0","-0.2","6.05","103","149","105","145","302","320","294"
"983",502481,"Jarrod Dyson","5189","18.9","0.302","0.118","0.289","0.420","0.305","0.296","0.298","295","977","81.8","7.9","2186","89.4","89.05","0","983","0","-0.4","6.03","105","145","95","145","278","311","296"
"1514",543829,"Dee Gordon","7117","21.3","0.346","0.090","0.339","0.437","0.333","0.298","0.311","519","1498","81.2","3.5","2199","88.8","88.26","0","1514","0","-0.5","5.98","104","144","92","143","271","303","293"
"1293",571740,"Billy Hamilton","7830","16.5","0.331","0.114","0.323","0.445","0.329","0.294","0.307","425","1284","79.7","11.9","2163","89.5","89.05","0","1293","0","-0.4","6.04","100","141","91","142","279","304","286"